code,name
9990000999991,150 LASHES KEG
7501035013742,1800 Coconut Tequila 700Ml
7501035013117,1800 Silver Tequila 700Ml
9311220004633,19 CRIMES Cab Sauv S1
9311220005869,19 CRIMES Hard Chardonnay S1
9311220006040,19 CRIMES Pinot Noir S1
9311220006125,19 CRIMES Sauv Block S1
9311220005005,19 CRIMES Shiraz S1
9311220007931,19 CRIMES Snoop Cali Red S1
9311220008983,19 CRIMES Snoop Cali Rose S1
9311220007917,19 CRIMES Tempranillo S1
9311220005647,19 CRIMES Uprising Red S1
7312040017683,ABSOLUT Vodka 700Ml
7312040350100,ABSOLUT Vodka Vanilla 700Ml
70491402607,AGALIMA ORGANIC MARGARITA MIX 1L
3334751000635,ALIZE Blue 700Ml
9316176041015,AMBERLEY Chenin Blanc S1
9316176013029,AMBERLEY Secret Lane Cab Merlot S1
8002230000302,APEROL Aperitivo 700Ml
9316176099320,AMBERLEY Secret Lane Sauv Blanc S1
9316176038602,AMBERLEY Shiraz S1
9323594001446,ARKTIKA Raspberry Vodka 700Ml
9323594001439,ARKTIKA Vanilla Vodka 700Ml
9323594001095,ARKTIKA Vodka 700Ml
9332170000711,AS THE CROW FLIES SSB S1
9332170000704,AS THE CROW FLIES Shiraz S1
9329982021065,ASAHI S6
9329982021072,ASAHI S24
9329982021058,ASAHI S1
9300624037200,Bacardi Coca-Cola C1
9347329000184,AUSTRALIAN Bitters S12
9347329000177,AUSTRALIAN Bitters S1
853507000123,AVIATION American Gin 700Ml
5010677014205,BACARDI Carta Blanca Rum 700Ml
9300624037217,Bacardi Spiced Coca-Cola C1
9300624037224,Bacardi Coca-Cola C4
9300624037231,Bacardi Spiced Coca-Cola C4
9300624037187,Bacardi Coca-Cola C24
9300624037194,Bacardi Spiced Coca-Cola C24
5011013941148,BAILEYS Chocolate 700Ml
5011013100156,BAILEYS Irish Cream 700Ml
9350709001053,BALTER CERVEZA S6
9350709001060,BALTER CERVEZA S24
9350709001046,BALTER CERVEZA S1
5010106113127,BALLANTINES Scotch 700ML
9311043766466,BANROCK Station Chardonnay S1
9311043866463,BANROCK Station Chardonnay S6
9311043766282,BANROCK Station Moscato S1
9300612230354,BARBARESSO Ouzo 700Ml
9343496001641,BARON SAMEDI Spiced Rum 700Ml
9311043766411,BANROCK Station Pink Moscato S1
9311043766442,BANROCK Station Rose S1
9311043766459,BANROCK Station Sauv Blanc S1
9311347003113,BAROSSA VALLEY Cab Sauv S1
9311347003120,BAROSSA VALLEY Grenache Shiraz S1
9311347003106,BAROSSA VALLEY Shiraz S1
29147106871,BB Crouch & Riesling S1
9311124000878,BB Passion Spritz S1
29147139985,BB Moscato S1
9311124400128,BB Prosecco 200Ml S1
9311124400197,BB Prosecco 200Ml S24
9311124400180,BB Prosecco 200Ml S4
29147360952,BB Prosecco NV S1
9311124001011,BB Prosecco P/Vanilla C1
9311124001035,BB Prosecco P/Vanilla C24
9311124001028,BB Prosecco P/Vanilla C4
9332364010847,BEARDED LADY Bourbon & Cola 5% C1
9332364010854,BEARDED LADY Bourbon & Cola 5% C6
9332364010861,BEARDED LADY Bourbon & Cola 5% C24
9351350001157,Beerfarm Royal Haze C4
9357286000899,BETTER BEER MID C6
9351350000716,Beerfarm Royal Haze C16
9357286000110,BETTER BEER MID C24
9351350030096,Beerfarm Royal Haze C1
9357286000660,BETTER BEER MID C1
9357286009984,BETTER BEER ZERO CARB C1
9357286090005,Better Beer Zero Carb C10
9357286009939,BETTER BEER ZERO CARB C6
9357286009946,BETTER BEER ZERO CARB C24
9357286056902,Better Beer Zero Carb C30
9322033004840,BILLSONS F/Tangle 3.5% C1
9311755200647,BICKFORDS Raspberry Cordial 750Ml S1
8997206581131,BINTANG BEER S6
8997206581919,BINTANG BEER S1
9322033004857,BILLSONS F/Tangle 3.5% C4
9322033004864,BILLSONS F/Tangle 3.5% C24
9300776006628,BLACK DOUGLAS Scotch 700Ml
9333106002083,BOMBAY SAPPHIRE G&T S1
9333106002090,BOMBAY SAPPHIRE G&T S4
9333106002106,BOMBAY SAPPHIRE G&T S24
5010677714006,BOMBAY SAPPHIRE Gin 700Ml
9344844000637,BROOKVALE Ginger Beer 330ML C6
9344844000644,BROOKVALE Ginger Beer 330ML C24
9344844002181,BROOKVALE Ginger Beer 330ML C30
9344844000439,BROOKVALE Ginger Beer 330ML C1
9344844000446,BROOKVALE Ginger Beer 330ML C10
9344844003065,BROOKVALE lemonade 330Ml C1
9321070031543,BROOKLAND VERSE 1 SSB S1
9344844002716,BROOKVALE Red Pub Soda 330Ml C1
9344844001924,BROOKVALE Union LLB 330Ml C1
9344844001252,BROOKVALE Vodka & Peach Ice Tea C1
9344844002723,BROOKVALE Red Pub Soda 330Ml C6
9344844001931,BROOKVALE Union LLB 330Ml C6
9344844001269,BROOKVALE Vodka & Peach Ice Tea C6
9344844002730,BROOKVALE Red Pub Soda 330Ml C24
9344844001948,BROOKVALE Union LLB 330Ml C24
9344844001313,BROOKVALE Vodka & Peach Ice Tea C24
9320000514835,BUDWEISER S24
9320000514811,BUDWEISER S1
9344844002396,BROOKVALE Vodka Lemon Squash C1
9344844002624,BROOKVALE Vodka Passionfruit C1
9344844002402,BROOKVALE Vodka Lemon Squash C4
9344844002631,BROOKVALE Vodka Passionfruit C6
9344844002419,BROOKVALE Vodka Lemon Squash C24
9344844002648,BROOKVALE Vodka Passionfruit C24
9320000514828,BUDWEISER S6
9310495080601,BULLEIT & Cola 6% C1
9310495080656,BULLEIT & Cola 6% C10
9310495080694,BULLEIT & Cola 6% C24
80244009984,BUFFALO TRACE Bourbon 700Ml
88004022693,BUFFALO TRACE MINI 50ML
9310495088850,BUNDY & Cola 8% C1
9310495089901,BUNDY Campfire 6% C1
9310495089925,BUNDY CAMPFIRE 6% C10
9310495080649,BULLEIT & Cola 6% C4
9310495089086,BUNDY & Cola 8% C4
9310495080700,BULLEIT & Cola 6% C30
9310495089079,BUNDY & Cola 8% C24
9310495089932,BUNDY Campfire 6% C24
9310495089949,BUNDY CAMPFIRE 6% C30
82000790570,BULLEIT Bourbon 700Ml
9310495091416,BUNDY Campfire 8% C1
9311866008996,BUNDY OP & COLA 6% C1
9310495077366,BUNDY OP & COLA 6% C10
9310495089918,BUNDY Campfire 6% C4
9310495091423,BUNDY Campfire 8% C4
9311866009009,BUNDY OP & COLA 6% C6
9310495091430,BUNDY Campfire 8% C24
9311866009016,BUNDY OP & COLA 6% C24
9310495077373,BUNDY OP & COLA 6% C30
9311866009214,BUNDY RED & Cola 4.6% C1
9311866009221,BUNDY RED & Cola 4.6% C6
9311866009238,BUNDY RED & Cola 4.6% C24
9310495075386,BUNDY RED & Cola 4.6% CUBE
9311866005070,BUNDY OP Rum 700Ml
9311866009856,BUNDY RED Rum 1L
9311866008798,BUNDY RED Rum 700Ml
9310495079056,BUNDY Small Batch 700Ml
9310495083329,BUNDY Small Batch Silver Reserve 700Ml
9310495090372,BUNDY Pineapple Sunny Rum 700Ml
9311866009320,BUNDY UP & Cola 4.6% C1
9311866009368,BUNDY UP & Cola 4.6% C10
9311866011620,BUNDY UP & Cola Zero 4.6% C1
9310495085033,BUNDY UP & Cola Zero 4.6% C10
9311866009337,BUNDY UP & Cola 4.6% C6
9311866009344,BUNDY UP & Cola 4.6% C24
9311866009375,BUNDY UP & Cola 4.6% C30
9310495075249,BUNDY UP & Cola 4.6% CUBE
9310495092406,BUNDY SPICY PINEAPPLE 700Ml
9311866011637,BUNDY UP & Cola Zero 4.6% C6
9311866011644,BUNDY UP & Cola Zero 4.6% C24
9310495085040,BUNDY UP & Cola Zero 4.6% C30
9311866008705,BUNDY UP Rum 1L
9311866005094,Bundy UP Mini 50Ml
9311866005032,BUNDY UP Rum 1125Ml
9311866005049,BUNDY UP Rum 700Ml
9325528003175,BYRON BAY Lager S1
9325528003182,BYRON BAY Lager S6
9325528003199,BYRON BAY Lager S24
9316417001105,Can CLUB & Dry 4.8% C1
9316417004984,Can CLUB & Dry 4.8% C10
9300624022855,Can CLUB & Dry 4.8% C4
9316417001143,Can CLUB & Dry 4.8% C6
9316417009095,Can CLUB & Dry 4.8% C24
9316417009101,Can CLUB & Dry 4.8% C24 CUBE
9316417009132,Can CLUB & Dry 4.8% C30
9316417001129,CAN CLUB & Dry 4.8% S1
9316417009002,Can CLUB & Dry 6% Premium C1
9316417009057,Can CLUB & Dry 6% Premium C10
9300624031437,Can CLUB & Dry 6% Premium C4
9316417008975,Can CLUB & Dry 6% Premium C6
9316417001167,CAN CLUB & Dry 4.8% S4
9316417001181,CAN CLUB & Dry 4.8% S24
9300624022992,CAN CLUB & Dry 4.8% S24 BAR PK
9316417008982,Can CLUB & Dry 6% Premium C24
9316417007275,Can CLUB & Dry Zero 4.8% C1
9316417008197,Can Club Soda & Lime 4.8% C1
9316417007282,Can CLUB & Dry Zero 4.8% C6
9316417007626,Can CLUB & Dry Zero 4.8% CUBE
9316417008814,Can Club Soda & Lime 4.8% C24 CUBE
80686816089,CANADIAN CLUB Whisky 700Ml
9310797301893,CAPSTAN Makers Ryo Original 30g
9310495089123,CAPT MORGAN & Cola 250ML 8% C1
9310495077571,CAPT MORGAN & Cola 6% C1
9310495079001,CAPT MORGAN & Cola 6% C10
9310495089130,CAPT MORGAN & Cola 250ML 8% C4
9310495089147,CAPT MORGAN & Cola 250ML 8% C24
9310495077632,CAPT MORGAN & Cola 6% C24
9310495091997,CAPT MORGAN Ice Tea 6% C1
9310495077694,CAPT MORGAN & Cola 6% C4
9310495091003,CAPT MORGAN Ice Tea 6% C4
9310495079018,CAPT MORGAN & Cola 6% C30
9310495091010,CAPT MORGAN Ice Tea 6% C24
9310495085842,CAPT MORGAN Mango & Pineapple 700Ml
5000281033273,CAPT MORGAN Spiced Black 700Ml
5000281039558,CAPT MORGAN Spiced Gold 1L
5000281037011,CAPT MORGAN Spiced Gold 700Ml
9310441003258,CARLSBERG S6
9320000212656,CARLTON DRAUGHT S6
9310441003265,CARLSBERG S24
9320000005494,CARLTON DRAUGHT S24
9310441003241,CARLSBERG S1
93258081,CARLTON DRAUGHT S1
9320000512299,CARLTON DRY 3.5 C30
9320000502405,CARLTON DRY C30
9320000512206,CARLTON DRY C30 PK
9320000119122,CARLTON DRY 3.5 C1
9320000119115,CARLTON DRY C1
9320000512190,CARLTON DRY C10
9320000504393,CARLTON DRY S1
9320000514309,CARLTON DRY S6
9320000514071,CARLTON DRY Ultra Low S6
9320000504416,CARLTON DRY S24
9320000514064,CARLTON DRY Ultra Low S24
9320000009928,CARLTON MID C30
9320000514088,CARLTON DRY Ultra Low S1
9320000109918,CARLTON MID C1
9320000209908,CARLTON MID S6
9320000009904,CARLTON MID S24
93397742,CARLTON MID S1
9300675052931,CASCADE Lime Cordial 750Ml S6
9300675052962,CASCADE Raspberry Cordial 750Ml S6
9300675052948,CASCADE Lime Cordial 750Ml S1
9300675052955,CASCADE Raspberry Cordial 750Ml S1
8004027034491,CHAMBORD Liqueur 700Ml
9323594000425,CHATEAU CHANTELLE Brandy 700ml
9315321200000,CHANDON NV Brut S1
9349658009197,CHINGU Green Grape Soju 360ml S1
19349658009194,CHINGU Green Grape Soju 360ml S20
19349658009286,CHINGU Mango Soju 360ml S20
9349658009289,CHINGU Mango Soju 360ml S1
80432402931,CHIVAS REGAL Scotch 12YO 700Ml
5000299225004,CHIVAS REGAL Scotch 18YO 700Ml
5010103916738,CIROC Vodka 700Ml
3035542004206,COINTREAU Liqueur 700Ml
9332806000245,CHURCHVIEW EST Cab Sauv S1
9332806000191,CHURCHVIEW EST Chardonnay S1
9300675091022,COKE 250ml C24 PK
9300675047289,Coke 330ml S24
9300675001151,COKE btl 1.25L S12
9300675001007,COKE 2L S1
9300675009829,COKE 600Ml S1
9300675001113,COKE btl 1.25L S1
9300675090858,COKE 250ml C6 PK
9300624036821,Coke 330ml S1
9300675000628,COKE C24
9300675091039,COKE Zero 250ml C24 PK
9300675079464,COKE Zero 600Ml S1
9300675079488,COKE Zero btl 1.25L S1
9300675001410,COKE C1
9300675090865,COKE Zero 250ml C6 PK
9300624036838,COKE Zero 330ml S1
9351932000981,COLONIAL Pale Ale C4
9351932000967,COLONIAL Small Ale C4
9351932000066,COLONIAL Small Ale C6
9351932001278,COLONIAL Pale Ale C16
9351932001292,COLONIAL Small Ale C16
9351932000141,COLONIAL Pale Ale C1
9351932000080,COLONIAL Small Ale C1
9300675079495,COKE ZERO btl 1.25L S12
9300675079709,COKE ZERO C24
9300675079655,COKE ZERO C1
9310441005238,COOPERS Australian Lager C6
9310441004262,COOPERS Dry S6
9310441005245,COOPERS Australian Lager C24
9310441004279,COOPERS Dry S24
9310441005221,COOPERS Australian Lager C1
9310441004255,COOPERS Dry S1
9310441002015,COOPERS Mild C6
9310441002046,COOPERS Mild S6
9310441003821,COOPERS Pale Ale C6
9310441002022,COOPERS Mild C24
9310441002053,COOPERS Mild S24
9310441003838,COOPERS Pale Ale C24
9310441002008,COOPERS Mild C1
9310441002039,COOPERS Mild S1
9310441003814,COOPERS Pale Ale C1
9310441001018,COOPERS Pale Ale S6
9310441001001,COOPERS SPARKLING S6
5010038486788,COORS S6
9310441001575,COOPERS Pale Ale S24
9310441001131,COOPERS SPARKLING S24
5010038486795,COORS S24
93302036,COOPERS Pale Ale S1
93302074,COOPERS SPARKLING S1
5010038486771,COORS S1
7501064191329,CORONA S6
7501064191299,CORONA S24
17501064191371,CORONA S24 (12PK)
75032715,CORONA S1
7501064191367,CORONA S12
9331200430535,Cranberry Juice 2L
9329982023472,CRUISER Double Guava 6.8% C1
9329982023502,CRUISER Double Lemon/Lime 6.8% C1
9329982023489,CRUISER Double Guava 6.8% C4
9329982023519,CRUISER Double Lemon/Lime 6.8% C4
9329982023496,CRUISER Double Guava 6.8% C24
9329982023526,CRUISER Double Lemon/Lime 6.8% C24
9338979000341,Croser NV S1
9329982023441,CRUISER Double Raspberry 6.8% C1
9329982017587,CRUISER Juicy Watermelon S1
9329982016542,CRUISER Lemon Lime S1
9329982023458,CRUISER Double Raspberry 6.8% C4
9329982017594,CRUISER Juicy Watermelon S4
9329982016559,CRUISER Lemon Lime S4
9329982023465,CRUISER Double Raspberry 6.8% C24
9329982017600,CRUISER Juicy Watermelon S24
9329982016566,CRUISER Lemon Lime S24
9329982016481,CRUISER Lush Guava S1
9329982024813,CRUISER Mixed 4.6% S10
9329982016573,CRUISER Pure PINEAPPLE S1
9329982016498,CRUISER Lush Guava S4
9329982016580,CRUISER Pure PINEAPPLE S4
9329982016504,CRUISER Lush Guava S24
9329982024820,CRUISER Mixed 4.6% S30
9329982016597,CRUISER Pure PINEAPPLE S24
9329982016450,CRUISER Wild Raspberry S1
9329982016467,CRUISER Wild Raspberry S4
9329982016474,CRUISER Wild Raspberry S24
9311043826313,DAYS OF ROSE Rose S1
9300752221175,DE BORTOLI KING VALLEY Prosecco Rose 200Ml S1
8710625502224,De Kuyper Apple Pucker S1
8710625502255,De Kuyper Schnap Peach S1
9300752221274,DE BORTOLI KING VALLEY Prosecco Rose 200Ml S24
9331982000001,DEEP WOODS Est. SSB S1
9325814006453,DEVILS CORNER NV Sparkling S1
9325814006194,DEVILS CORNER Pinot Noir S1
9325814006514,DEVILS CORNER Resolution Pinot Noir S1
5000277000906,DEWARS Scotch 700Ml
8001110171507,DISARONNO 700Ml
9325814006248,DEVILS CORNER Sauv Blanc S1
9310194004861,DEVILS LAIR Hidden Cave SSB S1
9310194003390,DEVILS LAIR Cky Cab Sauv S1
9309002141478,DUNES FINGER LLB C1
9309002141539,DUNES GINGER BEER C1
9309002141485,DUNES FINGER LLB C4
9309002141492,DUNES FINGER LLB C16
5010391100703,DRAMBUIE Whisky 700Ml
9309002141508,DUNES NATIVE PEACH & MANGO C1
9309002141546,DUNES GINGER BEER C4
9309002141515,DUNES NATIVE PEACH & MANGO C4
9309002141553,DUNES GINGER BEER C16
9309002141522,DUNES NATIVE PEACH & MANGO C16
9310852001126,EMU BITTER C30
9310852001119,EMU BITTER C1
9310852000938,EMU EXPORT C1
9310733002945,El Jimador Tequila Spiritz Orange C1
9310733202949,El Jimador Tequila Spiritz Orange C4
9310733102942,El Jimador Tequila Spiritz Orange C24
7501145269107,EL JIMADOR Tequila Reposado 700Ml
9310852000792,EMU EXPORT S6
9310852000846,EMU EXPORT C30
9310852000815,EMU EXPORT S24
9310852000914,EMU EXPORT S1
664804000941,ESPOLON Reposado Tequila 700Ml
9300675047425,FANTA 330ml S24
9352839001026,EVANS & TATE Classic Sauv Blanc S1
9352839001408,EVANS & TATE Classic Shiraz S1
9352839001200,EVANS & TATE Classic SSB S1
9316128001654,FAT BASTARD Malbec S1
9316128001524,FAT BASTARD Pinot Noir S1
9300675047418,FANTA 330ml S1
9336707000854,FERAL BIGGIE JUICE IPA 375Ml C4
9336707000564,FERAL Brewing Co. WAR HOG IPA C4
9336707000861,FERAL BIGGIE JUICE IPA 375Ml C16
9336707000908,FERAL Brewing Co. WAR HOG IPA C16
9336707000847,FERAL BIGGIE JUICE IPA 375Ml C1
9336707000403,FERAL Brewing Co. WAR HOG IPA C1
9329382232313,FERNGROVE BLK Label Malbec S1
9329382012311,FERNGROVE COSSAK Riesling  S1
9329382000189,FERNGROVE KING Malbec S1
88004023492,FIREBALL CINNAMON Whisky 700Ml
088004144739,FIREBALL MINI 200ML
088004144708,FIREBALL MINI 50ML
9310194102918,FIFTH LEG Cab Sauv Shiraz Merlot S1
9310194455458,FIFTH LEG Chardonnay S1
9310194452143,FIFTH LEG Rose S1
9310194001532,FIFTH LEG Shiraz S1
9310194004809,FIFTH LEG SSB S1
8004160660304,FRANGELICO Liqueur 700Ml
088004047795,FRIS VODKA MINI 50ML
9341827000028,FROG BELLY Cab Sauv S1
9341827000011,FROG BELLY SSB S1
9300624032632,FRUIT BOX Apple Blackcurrant 250Ml
9300624032656,FRUIT BOX Apple Juice 250Ml
9300624032670,FRUIT BOX Orange Juice 250Ml
9300624032618,FRUIT BOX Tropical 250Ml
9334944002525,GAGE ROADS Side Track C6
9334944002327,GAGE ROADS Single Fin 330ML C6
9334944002532,GAGE ROADS Side Track C24
9334944002334,GAGE ROADS Single Fin 330ML C24
9334944000200,GAGE ROADS Single Fin 330ML C30 PK
9334944009333,GAGE ROADS Single Fin S24
9334944002518,GAGE ROADS Side Track C1
9334944009517,GAGE ROADS Single Fin 330ML C1
9334944000101,GAGE ROADS Single Fin 330ML C10
9334944009319,GAGE ROADS Single Fin S1
9334944009326,GAGE ROADS Single Fin S6
8716000968555,GALLIANO BLK Sambuca 700Ml
8716000968586,GALLIANO White Sambuca 700Ml
9310733000231,GENTLEMAN JACK 330ML S1
9310733300232,GENTLEMAN JACK 330ML S4
9310733100238,GENTLEMAN JACK 330ML S24
82184038734,GENTLEMAN JACK 1L
82184038758,GENTLEMAN JACK 700Ml
9310733000507,GENTLEMAN JACK C1
9310733200501,GENTLEMAN JACK C4
9310733100504,GENTLEMAN JACK C24
82000765141,GEORGE Dickel No.8 1L
5010327115115,GLENFIDDICH Malt 12YO 700Ml
5000299609347,GLENLIVET Founders Scotch 700Ml
9329982022284,GOOD TIDES Lemon & Lime C1
9329982022307,GOOD TIDES Lemon & Lime C24
9329982022291,GOOD TIDES Lemon & Lime C4
9310180000000,GOLDEN CIRCLE Breakfast 2L
9310179008617,GOLDEN CIRCLE Pineapple Juice 2L
9310179007306,GOLDEN CIRCLE Apple Juice 250Ml
9310179005142,GOLDEN CIRCLE Orange 250Ml
9310179007221,GOLDEN CIRCLE Tropical 250Ml
9329982022956,GOOD TIDES MIXED C10
9329982022475,GOOD TIDES Passionfruit C1
9329982022314,GOOD TIDES Raspberry C1
9329982022499,GOOD TIDES Passionfruit C24
9329982022338,GOOD TIDES Raspberry C24
9329982022963,GOOD TIDES MIXED C30
9329982022482,GOOD TIDES Passionfruit C4
9329982022321,GOOD TIDES Raspberry C4
9310495071784,GORDONS G&T 4.5% C1
9310495090204,GORDONS Pink Double C1
9310495090303,Gordons Pink Double C10
9310495071791,GORDONS G&T 4.5% C6
9310495071807,GORDONS G&T 4.5% C24
5000289933490,GORDONS Mediterranean Orange 700Ml
9310495067664,GORDONS Dry Gin 37% 1L
9310495069514,GORDONS Dry Gin 37% 700Ml
9310495084623,GORDONS Pink Gin & Soda C1
9310495083909,GORDONS Pink Gin & Soda S1
9310495090211,GORDONS Pink Double C4
9310495084661,GORDONS Pink Gin & Soda C4
9310495083916,GORDONS Pink Gin & Soda S4
9310495090228,GORDONS Pink Double C24
9310495090310,Gordons Pink Double C30
9310495084678,GORDONS Pink Gin & Soda C24
9310495083923,GORDONS Pink Gin & Soda S24
9310495088195,GORDONS Pink Gin 700Ml
9316369003097,GOUNDREY HOMESTEAD Cab Merolt S1
9316369013157,GOUNDREY HOMESTEAD Chardonnay S1
9315705825324,GRANT BURGE Petite Bubbles S1
93533652,GRANT BURGE Pinot Chard 200Ml S1
9315705000097,GRANT BURGE Pinot Chard 200Ml S24
9315705000004,GRANT BURGE Pinot Noir Chardonnay S1
9320000500494,GREAT NORTHERN 3.5 C30
9320000508803,GREAT NORTHERN 3.5 C30 PK
9320000500432,GREAT NORTHERN 3.5 C1
9320000508797,GREAT NORTHERN 3.5 C10
5010327250007,GRANTS Scotch 700Ml
9315705874865,GRANT BURGE Prosecco NV S1
9320000514637,GREAT NORTHERN Ginger Beer 3.5% C6
9320000500463,GREAT NORTHERN 3.5 S6
9320000500470,GREAT NORTHERN 3.5 S24
9320000514644,GREAT NORTHERN Ginger Beer 3.5% C24
9320000500456,GREAT NORTHERN 3.5 S1
9320000514620,GREAT NORTHERN Ginger Beer 3.5% C1
9320000500531,GREAT NORTHERN Orig 375ML C1
9320000500555,GREAT NORTHERN Orig S6
9320000501408,GREAT NORTHERN Orig 375ML C30
9320000500562,GREAT NORTHERN Orig S24
9320000500579,GREAT NORTHERN Orig S1
5010677850100,GREY GOOSE Vodka 700Ml
9990000999910,GUINNESS KEG
9311890250194,GUINNESS C6
9311890250200,GUINNESS C24
9311890250187,GUINNESS C1
9313419522928,HAHN 3.5 C30
9313419523314,HAHN 3.5 C30 PK
9313419522539,HAHN 3.5 C1
9313419523307,HAHN 3.5 C10
9990000999994,HAHN 3.5 KEG
9313419522386,HAHN 3.5 S6
9313419522393,HAHN 3.5 S24
9313419523017,HAHN Gluten Free S24
9313419522379,HAHN 3.5 S1
9313419522997,HAHN Gluten Free S1
9990000999997,HAHN S/DRY KEG
9313419523000,HAHN Gluten Free S6
9313419522515,HAHN SUPER DRY C1
9313419523321,HAHN SUPER DRY C10
9313419522232,HAHN SUPER DRY S6
9313419522935,HAHN SUPER DRY C30
9313419522249,HAHN SUPER DRY S24
9313419523338,HAHN SUPER DRY C30 PK
9313419522225,HAHN SUPER DRY S1
9311890250248,Hahn Ultra Low Carb C1
9310876055396,Hahn Ultra Low Carb C6
9313419523178,HAHN Ultra Low Carb S6
9310876055402,Hahn Ultra Low Carb C24
9313419523161,HAHN Ultra Low Carb S24
9313419523185,HAHN Ultra Low Carb S1
9329982024936,HARD RATED 4.5% C1
9329982024967,HARD RATED 4.5% C10
9329982024950,HARD RATED 4.5% C24
9329982024974,HARD RATED 4.5% C30
9329982025889,HARD RATED Orange 4.5% C1
9329982026077,HARD RATED Orange 4.5% C10
9329982024998,HARD RATED ZERO 4.5% C1
9329982024943,HARD RATED 4.5% C4
9329982025896,HARD RATED Orange 4.5% C4
9329982025254,HARD RATED 4.5% C30 (Cube)
9329982025902,HARD RATED Orange 4.5% C24
9329982026084,HARD RATED Orange 4.5% C30
9329982025728,HARD RATED ZERO 6% C1
9329982025841,HARD RATED ZERO 6% C10
9329982025582,HARD RATED Zero Lemon & Lime 4.5% C10
9329982025001,HARD RATED ZERO 4.5% C4
9329982025735,HARD RATED ZERO 6% C4
9329982025018,HARD RATED ZERO 4.5% C24
9329982025742,HARD RATED ZERO 6% C24
9329982025858,HARD RATED ZERO 6% C30
9329982025599,HARD RATED Zero Lemon & Lime 4.5% C30
9329982025674,HARD RATED Zero Mango 4.5% C1
9329982025681,HARD RATED Zero Mango 4.5% C4
9329982025698,HARD RATED Zero Mango 4.5% C24
9311043088810,HARDYS Chardonnay S1
9311043089008,HARDYS Merlot S1
9311043090486,HARDYS Sauv Blanc S1
9327721000845,HEINEKEN 0.0 S6
9327721000883,Heineken 500ml C6
9327721000852,HEINEKEN 0.0 S24
9327721000890,Heineken 500ml C24
9327721000838,HEINEKEN 0.0 S1
9327721000876,Heineken 500ml C1
9990000999995,HEINEKEN KEG
9990000999911,HEINEKEN SILVER 4.0% KEG
9327721000005,HEINEKEN S6
9327721000012,HEINEKEN S24
93497466,HEINEKEN S1
9414339614660,HEINEKEN Silver S6
9414339616183,HEINEKEN Silver S24
9414339614523,HEINEKEN Silver S1
5010327755014,HENDRICKS Gin 700Ml
3245999484319,Hennessy VSOP 700Ml
9342242000778,HILLBILLE Cab Merlot S1
9342242009993,HILLBILLE JAMES BRITTAIN Cab Sauv S1
9342242008880,HILLBILLE JAMES BRITTAIN Shiraz Viognier S1
9342242000112,HILLBILLE Rose S1
9342242000440,HILLBILLE SSB S1
9311420046471,HOUGHTON Chardonnay S1
9311420036090,HOUGHTON Classic White S1
9311420036168,HOUGHTON Shiraz S1
9311420031965,HOUGHTON SSB S1
9320403003042,HOWARD PARK Cab Sauv S1
9320403003554,HOWARD PARK Chardonnay S1
9310876053859,IRON JACK Mid C1
9310876053835,IRON JACK Mid S6
9310876053866,IRON JACK Mid C30
9310876053842,IRON JACK Mid S24
9310876053828,IRON JACK Mid S1
9310733205544,J/DANIELS & Cola 3.5% C1
9310733921789,J/DANIELS & Cola 3.5% C6
9310733685179,J/DANIELS & Cola 3.5% C24
9310733001320,J/DANIELS & Cola 4.8% 375Ml C1
9310733301321,J/DANIELS & Cola 4.8% C10
9310733001283,J/DANIELS & Cola 4.8% S1
9310733301345,J/DANIELS & Cola 4.8% 375Ml C4
9310733301338,J/DANIELS & Cola 4.8% 375Ml C6
9310733301307,J/DANIELS & Cola 4.8% S4
9310733101105,J/DANIELS & Cola 4.8% 330Ml C24 CUBE
9310733101341,J/DANIELS & Cola 4.8% 375Ml C24
9310733101327,J/DANIELS & Cola 4.8% C20
9310733101303,J/DANIELS & Cola 4.8% S24
9310733001399,J/DANIELS & Cola Zero 4.8% C1
9310733301703,J/DANIELS & Cola Zero 4.8% C10
9310733301291,J/DANIELS & Cola 4.8% S6
9310733301390,J/DANIELS & Cola Zero 4.8% C4
9310733101310,J/DANIELS & Cola BAR PK S24
9310733101709,J/DANIELS & Cola Zero 4.8% C20
9310733101396,J/DANIELS & Cola Zero 4.8% C24
9310733001368,J/DANIELS & Dry C1
9310733001382,J/DANIELS & Lemonade C1
9310733000613,J/DANIELS American Style COLA C1
9310733200747,J/DANIELS American Style COLA C10
9310733301369,J/DANIELS & Dry C4
9310733301383,J/DANIELS & Lemonade C4
9310733101365,J/DANIELS & Dry C24
9310733101389,J/DANIELS & Lemonade C24
9310733100740,J/DANIELS American Style COLA C20
9310733200617,J/DANIELS American Style COLA C24
5099873003626,J/DANIELS Double Jack C1
9310733200518,J/DANIELS Double Jack C10
9310733202017,J/DANIELS Double Jack NS C10
9310733100610,J/DANIELS American Style COLA C4
5099873203620,J/DANIELS Double Jack C4
9310733100511,J/DANIELS Double Jack C20
5099873103623,J/DANIELS Double Jack C24
82184090398,J/DANIELS Black Label 1.136L
82184045367,J/DANIELS Black Label 1L
82184045954,J/DANIELS Black Label 700Ml
9311890249617,J/SQUIRE 150 Lashes S6
9311890249624,J/SQUIRE 150 Lashes S24
9310876054672,J/SQUIRE Dbl Ginger Beer 6% C24
9311890249631,J/SQUIRE 150 Lashes S1
9310876054696,J/SQUIRE Dbl Ginger Beer 6% C1
9310733000798,J/DANIELS Double Jack S1
9310733300799,J/DANIELS Double Jack S4
9310733102010,J/DANIELS Double Jack NS C20
9310733100795,J/DANIELS Double Jack S24
82184042397,J/DANIELS Honey 700Ml
9990000999996,J/SQUIRE GINGER BEER KEG
9310876054689,J/SQUIRE Dbl Ginger Beer 6% C4
9325528004776,J/SQUIRE Ginger Beer C6
9325528004783,J/SQUIRE Ginger Beer C24
9325528007395,J/SQUIRE Ginger Beer C30
9311890249815,J/SQUIRE Ginger Beer Low Sugar C24
9325528004769,J/SQUIRE Ginger Beer C1
9325528007388,J/SQUIRE Ginger Beer C10
9311890249792,J/SQUIRE Ginger Beer Low Sugar C1
9990000999912,J/SQUIRE LEMON SQUASH KEG
9311890249808,J/SQUIRE Ginger Beer Low Sugar C6
9310876055488,J/SQUIRE Lemon Squash C1
9310876055495,J/SQUIRE Lemon Squash C6
9310876055501,J/SQUIRE Lemon Squash C24
9311890249679,J/SQUIRE Zero S6
9311890249686,J/SQUIRE Zero S24
9311890249693,J/SQUIRE Zero S1
9310495071395,J/WALKER & Cola 4.6% C1
9310495071425,J/WALKER & Cola 4.6% C10
9310495071418,J/WALKER & Cola 4.6% C24
9310495071432,J/WALKER & Cola 4.6% C30
9310495080434,J/WALKER & Cola 6.5% C10
9310495090907,J/WALKER Black & Cola 6% C1
9310495090938,J/WALKER Black & Cola 6% C10
9310495071401,J/WALKER & Cola 4.6% C6
9310495090914,J/WALKER Black & Cola 6% C4
9310495075669,J/WALKER & Cola 4.6% CUBE
9310495090921,J/WALKER Black & Cola 6% C24
9310495080533,J/WALKER Black & Cola 6% C30
5000267189611,J/WALKER Black Label BOX 700Ml
5000267099026,J/WALKER Red Label 1L
5000267014203,J/WALKER Red Label 700Ml
8911308,J/WALKER Red Label MINI 50Ml
9311043401763,JACOBS CREEK Cab Sauv S1
9300727406002,JACOBS CREEK Chardonnay S1
9311043400469,JACOBS CREEK Merlot S1
9300727014276,JACOBS CREEK Moscato S1
4067700013750,JAGERMEISTER 700Ml
9300727389008,JACOBS CREEK Riesling S1
9300727453006,JACOBS CREEK Shiraz Cab S1
9300727620019,JACOBS CREEK Sparkling Rose S1
9300727009418,JACOBS CREEK Pinot Noir S1
9300727004390,JACOBS CREEK Sauv Blanc S1
9311043401039,JACOBS CREEK Shiraz S1
9300727019134,JAMESON & Cola 6.3% C1
9300727031198,JAMESON & Cola 6.3% C10
9300727019165,JAMESON Dry & Lime 6.3% C1
9300727020826,JAMESON Dry & Lime 6.3% C10
9300727019141,JAMESON & Cola 6.3% C4
9300727019158,JAMESON & Cola 6.3% C24
29300727031192,JAMESON & Cola 6.3% C30
9300727019189,JAMESON Dry & Lime 6.3% C24
29300727020820,JAMESON Dry & Lime 6.3% C30
9316417002294,JIM BEAM & Cola 4.8% C1
9316417009149,JIM BEAM & Cola 4.8% C10
9300727019172,JAMESON Dry & Lime 6.3% C4
9316417002669,JIM BEAM & COLA 4.8% Bar Serve S24
5011007003227,JAMESON IRISH Whisky 1L
5011007003005,JAMESON IRISH Whisky 700Ml
9316417002379,JIM BEAM & Cola 4.8% S1
9316417000177,JIM BEAM & Cola MID C1
9316417003246,JIM BEAM & Cola 4.8% C4
9316417002423,JIM BEAM & Cola 4.8% C6
9316417002515,JIM BEAM & Cola 4.8% S4
9316417003628,JIM BEAM & Cola 4.8% C24 CUBE
9316417009156,JIM BEAM & Cola 4.8% C30
9316417002676,JIM BEAM & Cola 4.8% S24
9316417000979,JIM BEAM & Cola MID C24
9316417002348,JIM BEAM & Cola Zero 4.8% C1
9316417009071,JIM BEAM & Cola Zero 4.8% C10
9316417000184,JIM BEAM & Cola MID C6
9316417003383,JIM BEAM & Cola Zero 4.8% C6
9316417003413,JIM BEAM & Cola Zero 4.8% C24
9300624029694,JIM BEAM & Cola Zero 4.8% C30
9316417007855,JIM BEAM & Cola Zero 4.8% CUBE
80686003502,JIM BEAM Black Label 40% 700Ml
9327329015678,JPS Original 20S
9327329015685,JPS Regular 20S
9327329015661,JPS Virginia 20S
5010278101311,JIM BEAM White Label 1L
82000491651,JOSE CUERVO Gold Tequila 700Ml
7501035025127,JOSE CUERVO MARGARITA MIX 1L
5010278101335,JIM BEAM White Label 700Ml
9345905004335,JUICEE CRUSH Apple Juice 2L
9345905004359,JUICEE CRUSH Orange Juice 2L
7610594455839,KAHLUA Liqueur 700Ml
9311890250224,KILKENNY C6
9311890250231,KILKENNY C24
9311890250217,KILKENNY C1
9990000999913,KIMBERLEY CRISP KEG
9990000999993,KIRIN HYOKETSU 4% KEG
9310876055266,KIRIN HYOKETSU 4% Lemon C1
9310876055525,KIRIN HYOKETSU 4% Lemon C10
9310876055273,KIRIN HYOKETSU 4% Lemon C4
9310876055280,KIRIN HYOKETSU 4% Lemon C24
9310876055532,KIRIN HYOKETSU 4% Lemon C30
9311512246048,KIRIN HYOKETSU 6% Apple C1
9311890250095,KIRIN HYOKETSU 6% Lemon C1
9311890250132,KIRIN HYOKETSU 6% Lemon C10
9311512246031,KIRIN HYOKETSU 6% Apple C4
9311890250101,KIRIN HYOKETSU 6% Lemon C4
9311512246024,KIRIN HYOKETSU 6% Apple C24
9311890250118,KIRIN HYOKETSU 6% Lemon C24
9311890250149,KIRIN HYOKETSU 6% Lemon C30
9311512245676,KIRIN HYOKETSU 6% Peach C1
9311512245683,KIRIN HYOKETSU 6% Pineapple C1
9310876055457,KIRIN HYOKETSU 6% Strawberry C1
9311512245669,KIRIN HYOKETSU 6% Peach C4
9311512246000,KIRIN HYOKETSU 6% Pineapple C4
9311512245652,KIRIN HYOKETSU 6% Peach C24
9311512245997,KIRIN HYOKETSU 6% Pineapple C24
9310876055471,KIRIN HYOKETSU 6% Strawberry C24
9311890249464,KIRIN ICHIBAN S6
9311890249471,KIRIN ICHIBAN S24
9311890249457,KIRIN ICHIBAN S1
9313419523246,KIRIN HYOKETSU Mixed C10
9310876055464,KIRIN HYOKETSU 6% Strawberry C4
9313419523352,KIRIN HYOKETSU Mixed C30
9300624373032,KIRKS GINGER ALE btl 1.25L S12
9300624010531,KIRKS Kole Beer C1
9300624403036,KIRKS Ginger Ale btl 1.25L S1
9300624610939,KIRKS Lemon Squash C1
9341138006016,KRAKEN Rum & Cola C1
29341138006027,KRAKEN Rum & Cola C24
9300624372714,KIRKS SODA Water btl 1.25L S12
9300624373414,KIRKS TONIC Water btl 1.25L S12
9300624612131,KIRKS Pasito C1
9300624402718,KIRKS SODA Water btl 1.25L S1
9300624403418,KIRKS TONIC Water btl 1.25L S1
811538018753,KRAKEN Black Spiced Rum 1L
811538013055,KRAKEN Black Spiced Rum 700Ml
9990000999914,L/Creatures HAZY Mid KEG
9341138006030,KRAKEN Rum & Dry C1
9341138006023,KRAKEN Rum & Cola C4
9341138006047,KRAKEN Rum & Dry C4
29341138006041,KRAKEN Rum & Dry C24
8411144101201,LARIOS Premium Gin 700Ml
9313460003919,LEEUWIN EST. Sibling Shiraz S1
70330600065,Lighter BIC
9328731004724,Little Creatures HAZY IPA C4
9328731004731,Little Creatures HAZY IPA C16
9328731005240,Little Creatures Little HAZY Lager 3.5% C16
9328731004717,Little Creatures HAZY IPA C1
9328731005226,Little Creatures Little HAZY Lager 3.5% C1
8410221110006,Licor 43 1L
9311218124084,LINDEMANS E/Harvest SSB S1
9328731005233,Little Creatures Little HAZY Lager 3.5% C4
9328731004762,Little Creatures PACIFIC ALE C4
9328731000047,Little Creatures PALE ALE 330ML S6
9328731004519,Little Creatures PALE ALE C4
9328731004779,Little Creatures PACIFIC ALE C16
9328731000030,Little Creatures PALE ALE 330ML S24
9328731004526,Little Creatures PALE ALE C16
9328731004755,Little Creatures PACIFIC ALE C1
9328731000016,Little Creatures PALE ALE 330ML S1
9328731004502,Little Creatures PALE ALE C1
9328731000078,Little Creatures ROGERS 330ML S6
9328731000085,Little Creatures ROGERS 330ML S24
9328731000061,Little Creatures ROGERS 330ML S1
9320403000485,MADFISH Cab Sauv Merlot S1
9320403000201,MADFISH Chardonnay S1
5391516870825,MAGNERS Cider 330ML S24
5391516872720,MAGNERS Cider 330ML S1
5391516870641,MAGNERS Cider 330ML S4
80686000204,MAKERS 46 700Ml
5010284100025,MALIBU 1L
85246500071,MAKERS MARK Bourbon 40% 700Ml
9320403000324,MADFISH Shiraz S1
9320403000331,MADFISH SSB S1
5010284100018,MALIBU 700Ml
9353927000044,MANLY Blackfin Coffee Liqueur 700Ml
9334944000620,MATSOS GINGER Beer C6
9338846000078,MATSOS GINGER Beer S6
9334944000637,MATSOS GINGER Beer C24
9338846000085,MATSOS GINGER Beer S24
9338846000313,MATSOS GINGER Beer C1
9338846000061,MATSOS GINGER Beer S1
9334944002044,MATSOS NIGHTLIFE G/Beer 6% C1
9334944002051,MATSOS NIGHTLIFE G/Beer 6% C4
9334944002150,MATSOS NIGHTLIFE Mint G/Beer 6% C4
9334944002068,MATSOS NIGHTLIFE G/Beer 6% C24
9334944002167,MATSOS NIGHTLIFE Mint G/Beer 6% C24
9334944002143,MATSOS NIGHTLIFE Mint G/Beer 6% C1
9310495054138,MCCALLUMS Scotch 700Ml
764000000000,MCGUIGAN Black Label Red S1
764253500204,MCGUIGAN Black Label Shiraz S1
9310415017632,MCGUIGAN Black Label Tempranillo S1
9320000006705,MELBOURNE Bitter S24
93283687,MELBOURNE Bitter S1
9320000500098,MERCURY Hard Cider C24
9320000501378,MERCURY HARD CIDER C30
9320000500074,MERCURY Hard Cider C1
9320000501361,MERCURY HARD CIDER C10
9320000500081,MERCURY Hard Cider C6
9311803270868,MIDORI Illusion 4.5% 275Ml S1
9311803270875,MIDORI Illusion 4.5% 275Ml S4
9311803270882,MIDORI Illusion 4.5% 275Ml S24
5010038486856,MILLERS Chill S6
5010038486825,MILLERS Draft S6
5010038486863,MILLERS Chill S24
5010038486832,MILLERS Draft S24
5010038486849,MILLERS Chill S1
5010038486818,MILLERS Draft S1
9311803060230,MIDORI Melon Liqueur 700Ml
11220000060613,MOTHER 250ml C24
5010327105215,MONKEY SHOULDER Scotch 700Ml
3052910056339,Monin Passionfruit 700Ml
1220000060609,MOTHER 250ml C1
9328829002298,Mountain GOAT Lager C30 PK
9329982021416,Mountain GOAT Lager C1
9328829002281,Mountain GOAT Lager C10
9300624011903,Mt FRANKLIN 1.5L S8
9300624364061,Mt FRANKLIN 1.5L S1
9300624017523,MT. Franklin Sparkling 450Ml
9300624031628,Mt. FRANKLIN Sparkling 330 Ml S1
9300624014126,MT. Franklin Sparkling btl S1
9300624005377,Mt FRANKLIN 600ml S1
9300624014133,MT. Franklin Sparkling btl S12
3043700103814,MUMM Cordon Rouge Champagne NV S1
19310015256742,NOBBY's Cashews 24x50g
29310015310014,NOBBY's Peanuts 24x50g
9310015311512,NOBBY's Cashews 50g
9310015227219,NOBBY'S Hot & Spicy Beef Jerky 25g
9310015227196,NOBBY'S Original Beef Jerky 25g
9310015310010,NOBBY's Peanuts 50g
9310015228810,NOBBY'S Pork Crackle Original 25g
9323594000364,OLD NO15 BOURBON 700Ml
9310015228827,NOBBY'S Pork Crackle Spicy BBQ 25g
9415549801604,OYSTER BAY Chardonnay S1
9415549814635,OYSTER BAY Merlot S1
9415549816608,OYSTER BAY Pinot Gris S1
9415549809679,OYSTER BAY Pinot Noir S1
9415549805602,OYSTER BAY Rose S1
9415549802601,OYSTER BAY Sauv Blanc S1
9415549825617,OYSTER BAY Sparkling Rose S1
9415549811610,OYSTER BAY Sparkling Cuvee S1
9311471457325,PASSION POP Sparkling S1
3035540001740,PASSOA Passionfruit Liqueur 700Ml
721733000715,PATRON Anejo Tequila 700Ml
721733000722,PATRON Reposado Tequila 700Ml
721733000036,PATRON XO Cafe 700Ml
9300770003296,PEPPERJACK Cab Sauv S1
9300770005061,PEPPERJACK Malbec S1
9320000510509,PERONI NASTRO S6
9320000510516,PERONI NASTRO S24
9320000510493,PERONI NASTRO S1
9300770005405,PEPPERJACK Sauv Blanc
9300770003272,PEPPERJACK Shiraz S1
9310495081844,PIMMS 700Ml
9349342003661,PIRATE LIFE South Coast 3.5% C4
9349342001438,PIRATE LIFE South Coast C4
9349342003678,PIRATE LIFE South Coast 3.5% C16
9349342001445,PIRATE LIFE South Coast C16
9349342003654,PIRATE LIFE South Coast 3.5% C1
9349342001421,PIRATE LIFE South Coast C1
9300675013246,PMX COKE 15L
9300675081573,PMX COKE ZERO 15L
9300675052900,PMX Dry GINGER ALE 5L
9300675078467,PMX LIFT 15L
9300675013833,PMX SPRITE 15L
9300675052894,PMX TONIC WATER 5L
9310495089833,PMX SMIRNOFF Espresso Martini 10L
9310495089796,PMX SMIRNOFF Passionfruit Martini 10L
9300675024952,POWERADE Berry Ice 600Ml S12
9300675035972,POWERADE Blackcurrant 600Ml S12
9300675024075,POWERADE Berry Ice 600Ml S1
9300675035965,POWERADE Blackcurrant 600Ml S1
9300624008330,POWERADE Gold Rush 600Ml S1
9300624008347,POWERADE Gold Rush 600Ml S12
9300624008361,POWERADE Mountain Blast 600Ml S12
9300624008354,POWERADE Mountain Blast 600Ml S1
811538019576,PROPER TWELVE Whisky 700Ml
9320000508230,PURE BLONDE MID S6
9320000508247,PURE BLONDE MID S24
9320000513555,PURE BLONDE S24
9320000508223,PURE BLONDE MID S1
9320000513579,PURE BLONDE S1
9320000513814,PURE BLONDE Cider S24
9320000513838,PURE BLONDE Cider S1
9320000513821,PURE BLONDE Cider S6
9311616031298,RANCH Micro Filter 130S
9311616029738,RANCH Slim Filter 130S
9311616029745,RANCH Supa Slim Filter 130S
9320000513562,PURE BLONDE S6
29310015233696,RED ROCK Honey Soy Chicken 18x45g
19310015235013,RED ROCK Salt & Vinegar 18x45g
29300000000000,RED ROCK Sea Salt 18x45g
29310015233702,RED ROCK Sweet Chilli & Sour Cream 18x45g
9310015233692,RED ROCK Honey Soy Chicken 45g
9310015235016,RED ROCK Salt & Vinegar 45g
9310015233685,RED ROCK Sea Salt 45g
90435324,Red Bull 250 Ml C1
7311100414004,REKORD Cider STRAWB/LIME 330Ml S24
7311100414103,REKORD Cider STRAWB/LIME 330Ml S1
7311100414400,REKORD Cider Wild Berries 330Ml S1
7311100414202,REKORD Cider STRAWB/LIME 330Ml S4
9310015233708,RED ROCK Sweet Chilli & Sour Cream 45g
5010891010564,RIZLA Double Papers 100S
93471824,ROLLIES Papers 60S
7311100414509,REKORD Cider Wild Berries 330Ml S4
755000000000,RINZA Cleaner
9311789002330,RUNNING WITH BULLS Tempranillo S1
9353486002619,Running With Thieves Gold Lager C4
9353486003142,Running With Thieves J/Lager C4
9353486001094,Running With Thieves Gold Lager C16
9353486001520,Running With Thieves J/lager C16
9353486000530,Running With Thieves J/lager C1
9353486003234,Running With Thieves G/fruit Gin & Soda C1
9353486000493,Running With Thieves Pash On C1
9353486003371,Running With Thieves G/fruit Gin & Soda C4
9353486003470,Running With Thieves G/fruit Gin & Soda C16
9332364017419,RUSKI Lemon 4% S1
9353486003166,Running With Thieves Pash On C4
9332364017426,RUSKI Lemon 4% S4
9353486001537,Running With Thieves Pash On C16
9332364017433,RUSKI Lemon 4% S24
5010327405223,SAILOR JERRY Rum 700Ml
4801032117041,SAN MIGUEL PALE ALE S6
4801032111391,SAN MIGUEL PALE ALE S24
8936061260133,SAPPORO 650ML C12
4801032111049,SAN MIGUEL PALE ALE S1
8936061260126,SAPPORO 650ML C1
1210000101952,SHEEP DOG 50Ml
4062400159203,SIERRA Reposado Tequila 700Ml
1210000102690,SHEEP DOG Peanut Butter Whisky 200ML
1210000101938,SHEEP DOG Peanut Butter Whisky 700Ml
5000281051413,SINGLETON Malt Master 700Ml
9310495090624,SMIRNOFF Crush Orange & Pine 440ml C1
8000040007146,SKYY Vodka 1L
8000040007122,SKYY Vodka 700Ml
9310495079506,SMIRNOFF Apple 30% 700Ml
860008141231,SKREWBALL Peanut Butter Whisky 750Ml
9310495091355,SMIRNOFF Crush Passionfruit & Guava 440ml C1
9310495090532,SMIRNOFF Crush Peach & Mango  440ml C1
9310495076314,SMIRNOFF DB 6.5% 300Ml S1
9310495090631,SMIRNOFF Crush Orange & Pine 440ml C4
9310495091362,SMIRNOFF Crush Passionfruit & Guava 440ml C4
9310495090549,SMIRNOFF Crush Peach & Mango 440ml C4
9310495090648,SMIRNOFF Crush Orange & Pine 440ml C24
9310495091379,SMIRNOFF Crush Passionfruit & Guava 440ml C24
9310495090556,SMIRNOFF Crush Peach & Mango 440ml C24
9310495077168,SMIRNOFF DB 6.5% 300Ml S24
9310495070442,SMIRNOFF DB 6.5% C1
9310495071142,SMIRNOFF DB 6.5% C10
9310495088294,SMIRNOFF DB 8% 250Ml C1
9310495076321,SMIRNOFF DB 6.5% 300Ml S4
9310495072187,SMIRNOFF DB 6.5% C4
9310495088300,SMIRNOFF DB 8% 250Ml C4
9310495077137,SMIRNOFF DB 6.5% C24
9310495077144,SMIRNOFF DB 6.5% C30
9310495088317,SMIRNOFF DB 8% 250Ml C24
9310495072132,SMIRNOFF DB Guarana 250ml C1
9310495091447,SMIRNOFF DB Orange 6.5% C1
9310495090259,SMIRNOFF DB Rasp Crush 6.5% C1
9310495090280,SMIRNOFF DB Rasp Crush 6.5% C10
9310495072163,SMIRNOFF DB Guarana 250ml C4
9310495091454,SMIRNOFF DB Orange 6.5% C4
9310495072170,SMIRNOFF DB Guarana 250ml C24
9310495091461,SMIRNOFF DB Orange 6.5% C24
9310495090273,SMIRNOFF DB Rasp Crush 6.5% C24
9310495090297,SMIRNOFF DB Rasp Crush 6.5% C30
9310495091027,SMIRNOFF DB Tropical 6.5% C1
9310495075805,SMIRNOFF ICE Red 4.5% S1
9310495090266,SMIRNOFF DB Rasp Crush 6.5% C4
9310495090976,SMIRNOFF DB Tropical 6.5% C4
9310495075812,SMIRNOFF ICE Red 4.5% S4
9310495090983,SMIRNOFF DB Tropical 6.5% C24
9310495075829,SMIRNOFF ICE Red 4.5% S24
9310495091867,SMIRNOFF Espresso Fire Mini 50Ml
9310495083671,SMIRNOFF Infusions Passionfruit
9310495084890,SMIRNOFF SELTZER Lime C1
9310495084913,SMIRNOFF SELTZER Lime C24
9310495084043,SMIRNOFF RED Vodka 1125Ml
9310495084081,SMIRNOFF RED Vodka 1L
9310495091898,SMIRNOFF Lemon Freeze Mini 50Ml
9310495084067,SMIRNOFF RED Vodka 700Ml
82000724230,SMIRNOFF RED Vodka Mini 50Ml
9310495085057,SMIRNOFF SELTZER Mango C1
9310495084906,SMIRNOFF SELTZER Lime C4
9310495085064,SMIRNOFF SELTZER Mango C4
9310495085071,SMIRNOFF SELTZER Mango C24
49310015233584,SMITHS BBQ 18x45g
49310015233577,SMITHS Cheese & Onion 18x45g
19300000000000,SMITHS Chicken 12x170g
9310015233586,SMITHS BBQ 45g
9310015233579,SMITHS Cheese & Onion 45g
9310015241871,SMITHS Chicken 170g
49310015233560,SMITHS Chicken 18x45g
49310015233546,SMITHS Original 18x45g
49310015233553,SMITHS Salt & Vinegar 18x45g
9310015233562,SMITHS Chicken 45g
9310015233548,SMITHS Original 45g
9310015233555,SMITHS Salt & Vinegar 45g
9329982016856,SOMERSBY Cider APPLE 4.5% S24
9329982016948,SOMERSBY Cider APPLE C30
9329982016832,SOMERSBY Cider APPLE 4.5% S1
9329982016924,SOMERSBY Cider APPLE C1
9329982016931,SOMERSBY Cider APPLE C10
9329982016849,SOMERSBY Cider APPLE 4.5% S6
9329982018942,SOMERSBY Cider BLACKBERRY 4% S24
9329982016887,SOMERSBY Cider PEAR 4.5% S24
9329982016979,SOMERSBY Cider PEAR C30
9329982016894,SOMERSBY Cider BLACKBERRY 4% S1
9329982016863,SOMERSBY Cider PEAR 4.5% S1
9329982016955,SOMERSBY Cider PEAR C1
9329982016962,SOMERSBY Cider PEAR C10
9329982021171,SOMERSBY Cider WATERMELON 4% S1
9329982018935,SOMERSBY Cider BLACKBERRY 4% S4
9329982016870,SOMERSBY Cider PEAR 4.5% S6
9329982021195,SOMERSBY Cider WATERMELON 4% S24
9329982021188,SOMERSBY Cider WATERMELON 4% S4
9354411000151,SOUR PUSS Apple 700Ml
9354411000342,SOUR PUSS Grape 700Ml
1210000100313,SOUTHERN COMFORT 700Ml
1210000100306,Southern Comfort 50ML
9414774087296,SPEIGHTS S24
9420060503647,SPEIGHTS S1
9309002141560,SPINIFEX Citrus Cerveza 5% C1
9309002141584,SPINIFEX Citrus Cerveza 5% C16
9309002141379,SPINIFEX DRAUGHT C4
9309002141348,SPINIFEX Hazy Pale C4
9309002141386,SPINIFEX DRAUGHT C16
9309002141355,SPINIFEX Hazy Pale C16
9309002141362,SPINIFEX DRAUGHT C1
9309002141331,SPINIFEX Hazy Pale C1
9309002141577,SPINIFEX Citrus Cerveza 5% C4
93557160,SPRITE 330ml S1
9300675008136,SPRITE btl 1.25L S12
9300675003131,SPRITE C24
9415305436057,SQUEALING PIG Rose S1
9415305127092,SQUEALING PIG Sauv Blanc S1
9316920415338,ST. HALLETT Black Clay Shiraz S1
9300727483355,ST. HUGO COON Cab Sauv S1
9300727012746,ST. HUGO Grenache Shiraz S1
9300675008013,SPRITE btl 1.25L S1
9300675008419,SPRITE C1
9420060502862,STEINLAGER Classic S1
9324114005425,STEINBOK Mango Liqueur 700Ml
9300727012760,ST. HUGO Shiraz S1
9414774001049,STEINLAGER Pure S6
9414339620401,STELLA ARTOIS S6
9420060503906,STEINLAGER Classic S24
9414774001063,STEINLAGER Pure S24
9414339620548,STELLA ARTOIS S24
9414774140045,STEINLAGER Pure S1
9414339620265,STELLA ARTOIS S1
9990000999915,STONE & WOOD Easy Pale Ale 3.5% KEG
9341903003110,Stone & Wood Easy Pale 3.5% C4
9341903003127,Stone & Wood Easy Pale 3.5% C16
9341903003103,Stone & Wood Easy Pale 3.5% C1
9341903002465,Stone & Wood HAZY Pale Ale C1
9421902113000,STOLEN White Rum 700Ml
9990000999999,STONE & WOOD Pacific Ale KEG
9341903002472,Stone & Wood HAZY Pale Ale C4
9341903000911,Stone & Wood PACIFIC ALE C4
9341903002489,Stone & Wood HAZY Pale Ale C16
9341903000928,Stone & Wood PACIFIC ALE C16
9341903000904,Stone & Wood PACIFIC ALE C1
9341903002878,Stone & Wood Pacific Ale C10
9341903002885,Stone & Wood Pacific Ale C20
9300694281046,Stones Ginger Wine S1
9341903000058,STONE & WOOD PACIFIC ALE S6
9341903003141,Stone & Wood Radler Citrus C4
9341903000065,STONE & WOOD PACIFIC ALE S24
9341903000041,STONE & WOOD PACIFIC ALE S1
9341903003134,Stone & Wood Radler Citrus C1
8888017962007,STRONGBOW Lower Carb C30
9414339613243,STRONGBOW Lower Carb S24
8888017960003,STRONGBOW Lower Carb C1
8888017961000,STRONGBOW Lower Carb C10
9414339612963,STRONGBOW Lower Carb S1
8890000000000,STRONGBOW Original C1
8888017961017,STRONGBOW Original C10
9414339613106,STRONGBOW Lower Carb S6
8888017962014,STRONGBOW Original C30
9414339612826,STRONGBOW Original S24
9414339615605,STRONGBOW Sweet S24
9414339612543,STRONGBOW Original S1
9414339613809,STRONGBOW Sweet S1
9414339614066,STRONGBOW Original S6
9414339613946,STRONGBOW Sweet S6
9316417008685,SUNTORY 196 Grape 330Ml C1
9316417007886,SUNTORY 196 Lemon 330Ml C1
9316417008692,SUNTORY 196 Grape 330Ml C4
9316417008708,SUNTORY 196 Grape 330Ml C24
9316417007909,SUNTORY 196 Lemon 330Ml C24
9316417007961,Suntory 196 Lemon 6% C10
9316417008654,SUNTORY 196 Peach 330Ml C1
9316417008890,Suntory 196 Peach 6% C10
9316417009316,Suntory 196 Variety pack 6% C10
9316417007893,SUNTORY 196 Lemon 330Ml C4
9316417008661,SUNTORY 196 Peach 330Ml C4
9316417007978,Suntory 196 Lemon 6% C30
9316417008678,SUNTORY 196 Peach 330Ml C24
9316417008906,Suntory 196 Peach 6% C30
9990000999992,SWAN DRAFT KEG
9310852001331,SWAN Draught C24
9310852001355,SWAN Draught C1
9316417009323,Suntory 196 Variety pack 6% C30
9310852001348,SWAN Draught C6
9310852001164,SWAN Draught S6
9310852001171,SWAN Draught S24
9310852001157,SWAN Draught S1
50913787,TALLY HO Papers 50S
5000291020706,TANQUERAY Gin 700Ml
9311043766985,TAKU Pink Sauv Blanc S1
9311043012747,TAKU Sauv Blanc S1
9313048019226,TATACHILLA Moscato S1
9313048851802,TATACHILLA Pinot Grigio S1
5012523231965,TIA MARIA Liqueur 700Ml
9313048022349,TATACHILLA Prosecco S1
9313048851819,TATACHILLA Rose S1
9313048007988,TATACHILLA Sauv Blanc S1
9311659000954,TAYLORS ESTATE Pinot Gris S1
9311890595844,TOOHEYS Extra Dry S6
9311890243486,TOOHEYS Extra Dry S24
93239707,TOOHEYS Extra Dry S1
9369999822514,TRAVLA MID C6
9369999336691,TRAVLA MID C30 CUBE
9369900007634,TRAVLA MID C1
9310495079803,UDL Lemon & Soda C1
9332364017501,UDL Mixed Pack C10
9310495079810,UDL Lemon & Soda C6
9310495079841,"UDL Lemon, Lime & Soda C6"
9310495079834,UDL Lemon & Soda C24
9310495079858,"UDL Lemon, Lime & Soda C24"
9310495079711,UDL Orange C1
9310495079896,UDL Passionfruit C1
9332364017556,UDL Raspberry C1
9310495079728,UDL Orange C6
9310495079902,UDL Passionfruit C6
9332364017518,UDL Mixed Pack C30
9310495079735,UDL Orange C24
9310495079919,UDL Passionfruit C24
9310495079926,UDL SF Mixed Berry C1
9332364017563,UDL Raspberry C6
9310495079933,UDL SF Mixed Berry C6
9310495079766,UDL Raspberry C24
9310495079940,UDL SF Mixed Berry C24
9415305499618,UPSIDE DOWN Sauv Blanc S1
9320000100670,VB C1
9320000290081,VB C10
9315032001170,VASSE FELIX Cab Sauv S1
9315032001323,VASSE FELIX Classic Dry Red S1
9315032001262,VASSE FELIX Classic Dry White S1
9315032001194,VASSE FELIX FILIUS Cab Merlot S1
9315032003068,VASSE FELIX FILIUS Cab Sauv S1
9320000200295,VB S6
9320000090360,VB C30
9320000090087,VB C30 PK
9320000090292,VB S24
93248549,VB S1
3376370097252,VEDRENNE Triple Sec Liqueur 700ML
9310537107501,VENTTI Regular Filter 100S
9329982019901,VODKA O 700Ml
9332364013275,VOK Blue Curacao 500Ml
9354933050313,VINACEOUS SNAKE Shiraz S1
9332364000077,VOK Melon 500Ml
9332364013510,VOK Strawberry 500Ml
9332364013534,VOK Triple Sec 500Ml
5391537511950,WHITE CLAW Lime 4.5% C1
5391537513350,WHITE CLAW Mixed Pack C10
5391537513145,WHITE CLAW Raspberry 4.5% C1
5391537512032,WHITE CLAW Lime 4.5% C4
5391537512155,WHITE CLAW Lime 4.5% C24
5391537511004,WHITE CLAW Mixed Pack C20
9354411000397,"WET PUSSY Cranberry, Peach & Lime 700Ml"
5391537511998,WHITE CLAW Watermelon 4.5% C1
9343496000613,WILD TURKEY & Cola 101 C1
9343496000682,WILD TURKEY & Cola 101 C10
5391537513152,WHITE CLAW Raspberry 4.5% C4
5391537512216,WHITE CLAW Watermelon 4.5% C4
5391537513169,WHITE CLAW Raspberry 4.5% C24
5391537510984,WHITE CLAW Watermelon 4.5% C24
9343496000637,WILD TURKEY & Cola 101 C24
80686002499,WHITE NUCO 700ML
9343496002631,WILD TURKEY & Cola 101 S1
9343496002082,WILD TURKEY & Cola 4.8% C1
9343496002167,WILD TURKEY & Cola 4.8% C10
9343496000620,WILD TURKEY & Cola 101 C4
9343496002648,WILD TURKEY & Cola 101 S4
19343496001495,WILD TURKEY & Cola 101 C30
19343496002645,WILD TURKEY & Cola 101 S24
19343496002089,WILD TURKEY & Cola 4.8% C24
19343496002164,WILD TURKEY & Cola 4.8% C30
9343496001948,WILD TURKEY & Cola Zero 101 C1
9343496002044,WILD TURKEY & Cola Zero 101 C10
9343496002778,WILD TURKEY & Cola Zero 4.8% C1
9343496002938,WILD TURKEY & Cola Zero 4.8% C10
9343496001955,WILD TURKEY & Cola Zero 101 C4
9343496002129,WILD TURKEY & Cola 4.8% C4
19343496001952,WILD TURKEY & Cola Zero 101 C24
19343496002041,WILD TURKEY & Cola Zero 101 C30
9343496002792,WILD TURKEY & Cola Zero 4.8% C24
19343496002935,WILD TURKEY & Cola Zero 4.8% C30
9343496001177,WILD TURKEY Rare & Cola 8% C1
9343496001665,WILD TURKEY Rare & Cola 8% C10
9343496002785,WILD TURKEY & Cola Zero 4.8% C4
9343496001191,WILD TURKEY Rare & Cola 8% C24
721059777001,WILD TURKEY 101 Proof 700Ml
9343496003508,WILD TURKEY 81 Proof 1L
721059811019,WILD TURKEY American HONEY 1L
8000040500241,WILD TURKEY American HONEY 700Ml
9343496003492,WILD TURKEY 81 Proof 700Ml
9310797301336,WINFIELD Original Bold 20S
9310797301299,WINFIELD Original Classic 20S
9310797301312,WINFIELD Original Sun 20S
9310797302012,WINFIELD Ryo Classic 30g
9343496001146,WILD TURKEY Rare & Cola 8% S1
9343496001184,WILD TURKEY Rare & Cola 8% C4
9343496001153,WILD TURKEY Rare & Cola 8% S4
19343496001679,WILD TURKEY Rare & Cola 8% C30
9343496001160,WILD TURKEY Rare & Cola 8% S24
721059002530,WILD TURKEY RARE Breed 58.4% 700Ml
9329982013626,WOODSTOCK & Cola 4.8% C1
9329982013657,WOODSTOCK & Cola 4.8% C10
9329982015811,WOODSTOCK & Cola 4.8% C30
5099873007617,WOODFORD RES BOURBON 700Ml
9312088004582,WOLF BLASS Red Label Cab Sauv S1
9312088241000,WOLF BLASS Red Label Chardonnay S1
9312088006111,WOLF BLASS Red Label Sauv Blanc S1
9312088451898,WOLF BLASS Red Label Shiraz Cabernet S1
9312088004605,WOLF BLASS Red Label Shiraz S1
9312088081903,WOLF BLASS Red Label SSB S1
9329982017471,WOODSTOCK RSV 12% 200ML C1
9329982025506,WOODSTOCK RSV 12% 200ML C10
9329982017488,WOODSTOCK RSV 12% 200ML C4
9329982017495,WOODSTOCK RSV 12% 200ML C24
9329982025513,WOODSTOCK RSV 12% 200ML C30
9300620006309,WYNNS Coonawarra Shiraz S1
9310876055235,XXXX GINGER BEER C6
9310876055242,XXXX GINGER BEER C24
9310876055228,XXXX GINGER BEER C1
6009802356234,XOTIC COMET Strawberry 700Ml
9990000999998,XXXX Gold KEG
9310876054658,XXXX GOLD C30
9310876020066,XXXX GOLD C1
9310876029984,XXXX GOLD S1
9310876053521,XXXX SUMMER Lime S6
9310876053736,XXXX SUMMER Mango S6
9310876052432,XXXX GOLD S6
9310876029977,XXXX GOLD S24
9310876053538,XXXX SUMMER Lime S24
9310876053743,XXXX SUMMER Mango S24
9310876053514,XXXX SUMMER Lime S1
9310876053729,XXXX SUMMER Mango S1
9310876053224,XXXX SUMMER S1
9310876053231,XXXX SUMMER S6
9310876055358,XXXX ULTRA C6
9310876054962,XXXX ULTRA S6
9310876054955,XXXX ULTRA S24
9310876053248,XXXX SUMMER S24
9310876055365,XXXX ULTRA C24
9310876055075,XXXX ULTRA C1
9310876054979,XXXX ULTRA S1
9311789001043,YALUMBA Pinot Grigio S1
9300770050719,YELLOWGLEN Yellow 200Ml S1
9300770001308,YELLOWGLEN Yellow 200Ml S24
9300770000257,YELLOWGLEN Yellow Sparkling S1
9322214012107,YELLOWTAIL Big Bold Red S1
9322214009480,YELLOWTAIL Bubbles S1
9322214009701,YELLOWTAIL Cab Merlot S1
9322214008988,YELLOWTAIL Cab Sauv S1
9322214007387,YELLOWTAIL Chardonnay S1
9322214009060,YELLOWTAIL Merlot S1
9322214011407,YELLOWTAIL Moscato S1
9322214011520,YELLOWTAIL Sauv Blanc S1
9322214009626,YELLOWTAIL SSB S1
9322214007400,YELLOWTAIL Shiraz S1
